Workbook

Sheet Tickets
A1: IT Help Desk Ticket Tracker
A2: Fill the yellow columns (A-G). White columns calculate automatically. Dates: dd-mm-yyyy hh:mm. Leave Resolved Time empty until fixed.
A4: Ticket ID | B4: Title | C4: Priority | D4: Status | E4: Assigned To | F4: Created Time | G4: Resolved Time | H4: SLA Hours | I4: SLA Due | J4: Time Taken (hrs) | K4: SLA Breach?
A5: INC-0001 | B5: VPN not connecting for finance team | C5: P1 | D5: Resolved | E5: Asha | F5: 46317.375 | G5: 46317.403 | H5: =IF(C5="","",INDEX(Settings!$B$4:$B$7,MATCH(C5,Settings!$A$4:$A$7,0))) -> 1 | I5: =IF(OR(F5="",H5=""),"",F5+H5/24) -> 46317.417 | J5: =IF(F5="","",ROUND((IF(G5<>"",G5,NOW())-F5)*24,1)) -> 0.7 | K5: =IF(I5="","",IF(IF(G5<>"",G5,NOW())>I5,"Breached","Within SLA")) -> Within SLA
A6: INC-0002 | B6: Outlook keeps asking for password | C6: P3 | D6: Resolved | E6: Meera | F6: 46317.427 | G6: 46317.833 | H6: =IF(C6="","",INDEX(Settings!$B$4:$B$7,MATCH(C6,Settings!$A$4:$A$7,0))) -> 8 | I6: =IF(OR(F6="",H6=""),"",F6+H6/24) -> 46317.76 | J6: =IF(F6="","",ROUND((IF(G6<>"",G6,NOW())-F6)*24,1)) -> 9.8 | K6: =IF(I6="","",IF(IF(G6<>"",G6,NOW())>I6,"Breached","Within SLA")) -> Breached
A7: INC-0003 | B7: Request: install VS Code for new joiner | C7: P4 | D7: Resolved | E7: Kiran | F7: 46317.458 | G7: 46318.396 | H7: =IF(C7="","",INDEX(Settings!$B$4:$B$7,MATCH(C7,Settings!$A$4:$A$7,0))) -> 24 | I7: =IF(OR(F7="",H7=""),"",F7+H7/24) -> 46318.458 | J7: =IF(F7="","",ROUND((IF(G7<>"",G7,NOW())-F7)*24,1)) -> 22.5 | K7: =IF(I7="","",IF(IF(G7<>"",G7,NOW())>I7,"Breached","Within SLA")) -> Within SLA
A8: INC-0004 | B8: Website returns HTTP 503 | C8: P1 | D8: Resolved | E8: Asha | F8: 46318.583 | G8: 46318.688 | H8: =IF(C8="","",INDEX(Settings!$B$4:$B$7,MATCH(C8,Settings!$A$4:$A$7,0))) -> 1 | I8: =IF(OR(F8="",H8=""),"",F8+H8/24) -> 46318.625 | J8: =IF(F8="","",ROUND((IF(G8<>"",G8,NOW())-F8)*24,1)) -> 2.5 | K8: =IF(I8="","",IF(IF(G8<>"",G8,NOW())>I8,"Breached","Within SLA")) -> Breached
A9: INC-0005 | B9: Laptop cannot reach internal DNS | C9: P2 | D9: In Progress | E9: Ravi | F9: 46319.354 | H9: =IF(C9="","",INDEX(Settings!$B$4:$B$7,MATCH(C9,Settings!$A$4:$A$7,0))) -> 4 | I9: =IF(OR(F9="",H9=""),"",F9+H9/24) -> 46319.521 | J9: =IF(F9="","",ROUND((IF(G9<>"",G9,NOW())-F9)*24,1)) -> 5.6 | K9: =IF(I9="","",IF(IF(G9<>"",G9,NOW())>I9,"Breached","Within SLA")) -> Breached
A10: INC-0006 | B10: Printer offline on floor 2 | C10: P3 | D10: Open | F10: 46319.375 | H10: =IF(C10="","",INDEX(Settings!$B$4:$B$7,MATCH(C10,Settings!$A$4:$A$7,0))) -> 8 | I10: =IF(OR(F10="",H10=""),"",F10+H10/24) -> 46319.708 | J10: =IF(F10="","",ROUND((IF(G10<>"",G10,NOW())-F10)*24,1)) -> 5.1 | K10: =IF(I10="","",IF(IF(G10<>"",G10,NOW())>I10,"Breached","Within SLA")) -> Within SLA
A11: INC-0007 | H11: =IF(C11="","",INDEX(Settings!$B$4:$B$7,MATCH(C11,Settings!$A$4:$A$7,0))) | I11: =IF(OR(F11="",H11=""),"",F11+H11/24) | J11: =IF(F11="","",ROUND((IF(G11<>"",G11,NOW())-F11)*24,1)) | K11: =IF(I11="","",IF(IF(G11<>"",G11,NOW())>I11,"Breached","Within SLA"))
A12: INC-0008 | H12: =IF(C12="","",INDEX(Settings!$B$4:$B$7,MATCH(C12,Settings!$A$4:$A$7,0))) | I12: =IF(OR(F12="",H12=""),"",F12+H12/24) | J12: =IF(F12="","",ROUND((IF(G12<>"",G12,NOW())-F12)*24,1)) | K12: =IF(I12="","",IF(IF(G12<>"",G12,NOW())>I12,"Breached","Within SLA"))
A13: INC-0009 | H13: =IF(C13="","",INDEX(Settings!$B$4:$B$7,MATCH(C13,Settings!$A$4:$A$7,0))) | I13: =IF(OR(F13="",H13=""),"",F13+H13/24) | J13: =IF(F13="","",ROUND((IF(G13<>"",G13,NOW())-F13)*24,1)) | K13: =IF(I13="","",IF(IF(G13<>"",G13,NOW())>I13,"Breached","Within SLA"))
A14: INC-0010 | H14: =IF(C14="","",INDEX(Settings!$B$4:$B$7,MATCH(C14,Settings!$A$4:$A$7,0))) | I14: =IF(OR(F14="",H14=""),"",F14+H14/24) | J14: =IF(F14="","",ROUND((IF(G14<>"",G14,NOW())-F14)*24,1)) | K14: =IF(I14="","",IF(IF(G14<>"",G14,NOW())>I14,"Breached","Within SLA"))
A15: INC-0011 | H15: =IF(C15="","",INDEX(Settings!$B$4:$B$7,MATCH(C15,Settings!$A$4:$A$7,0))) | I15: =IF(OR(F15="",H15=""),"",F15+H15/24) | J15: =IF(F15="","",ROUND((IF(G15<>"",G15,NOW())-F15)*24,1)) | K15: =IF(I15="","",IF(IF(G15<>"",G15,NOW())>I15,"Breached","Within SLA"))
A16: INC-0012 | H16: =IF(C16="","",INDEX(Settings!$B$4:$B$7,MATCH(C16,Settings!$A$4:$A$7,0))) | I16: =IF(OR(F16="",H16=""),"",F16+H16/24) | J16: =IF(F16="","",ROUND((IF(G16<>"",G16,NOW())-F16)*24,1)) | K16: =IF(I16="","",IF(IF(G16<>"",G16,NOW())>I16,"Breached","Within SLA"))
A17: INC-0013 | H17: =IF(C17="","",INDEX(Settings!$B$4:$B$7,MATCH(C17,Settings!$A$4:$A$7,0))) | I17: =IF(OR(F17="",H17=""),"",F17+H17/24) | J17: =IF(F17="","",ROUND((IF(G17<>"",G17,NOW())-F17)*24,1)) | K17: =IF(I17="","",IF(IF(G17<>"",G17,NOW())>I17,"Breached","Within SLA"))
A18: INC-0014 | H18: =IF(C18="","",INDEX(Settings!$B$4:$B$7,MATCH(C18,Settings!$A$4:$A$7,0))) | I18: =IF(OR(F18="",H18=""),"",F18+H18/24) | J18: =IF(F18="","",ROUND((IF(G18<>"",G18,NOW())-F18)*24,1)) | K18: =IF(I18="","",IF(IF(G18<>"",G18,NOW())>I18,"Breached","Within SLA"))
A19: INC-0015 | H19: =IF(C19="","",INDEX(Settings!$B$4:$B$7,MATCH(C19,Settings!$A$4:$A$7,0))) | I19: =IF(OR(F19="",H19=""),"",F19+H19/24) | J19: =IF(F19="","",ROUND((IF(G19<>"",G19,NOW())-F19)*24,1)) | K19: =IF(I19="","",IF(IF(G19<>"",G19,NOW())>I19,"Breached","Within SLA"))
A20: INC-0016 | H20: =IF(C20="","",INDEX(Settings!$B$4:$B$7,MATCH(C20,Settings!$A$4:$A$7,0))) | I20: =IF(OR(F20="",H20=""),"",F20+H20/24) | J20: =IF(F20="","",ROUND((IF(G20<>"",G20,NOW())-F20)*24,1)) | K20: =IF(I20="","",IF(IF(G20<>"",G20,NOW())>I20,"Breached","Within SLA"))
A21: INC-0017 | H21: =IF(C21="","",INDEX(Settings!$B$4:$B$7,MATCH(C21,Settings!$A$4:$A$7,0))) | I21: =IF(OR(F21="",H21=""),"",F21+H21/24) | J21: =IF(F21="","",ROUND((IF(G21<>"",G21,NOW())-F21)*24,1)) | K21: =IF(I21="","",IF(IF(G21<>"",G21,NOW())>I21,"Breached","Within SLA"))
A22: INC-0018 | H22: =IF(C22="","",INDEX(Settings!$B$4:$B$7,MATCH(C22,Settings!$A$4:$A$7,0))) | I22: =IF(OR(F22="",H22=""),"",F22+H22/24) | J22: =IF(F22="","",ROUND((IF(G22<>"",G22,NOW())-F22)*24,1)) | K22: =IF(I22="","",IF(IF(G22<>"",G22,NOW())>I22,"Breached","Within SLA"))
... A104: INC-0100 | H104: =IF(C104="","",INDEX(Settings!$B$4:$B$7,MATCH(C104,Settings!$A$4:$A$7,0))) | I104: =IF(OR(F104="",H104=""),"",F104+H104/24) | J104: =IF(F104="","",ROUND((IF(G104<>"",G104,NOW())-F104)*24,1)) | K104: =IF(I104="","",IF(IF(G104<>"",G104,NOW())>I104,"Breached","Within SLA"))

Sheet Dashboard
A1: Help Desk Dashboard
A3: Total tickets | B3: =COUNTA(Tickets!$B$5:$B$104) -> 6
A4: Open | B4: =COUNTIF(Tickets!$D$5:$D$104,"Open") -> 1
A5: In Progress | B5: =COUNTIF(Tickets!$D$5:$D$104,"In Progress") -> 1
A6: Resolved | B6: =COUNTIF(Tickets!$D$5:$D$104,"Resolved") -> 4
A7: SLA breaches | B7: =COUNTIF(Tickets!$K$5:$K$104,"Breached") -> 3
A8: SLA compliance % | B8: =IF(B3=0,0,1-B7/B3) -> 0.5
A11: Priority | B11: Tickets | C11: Breached | D11: Avg resolution (hrs) | E11: SLA target (hrs)
A12: P1 | B12: =COUNTIF(Tickets!$C$5:$C$104,A12) -> 2 | C12: =COUNTIFS(Tickets!$C$5:$C$104,A12,Tickets!$K$5:$K$104,"Breached") -> 1 | D12: =IFERROR(AVERAGEIFS(Tickets!$J$5:$J$104,Tickets!$C$5:$C$104,A12,Tickets!$D$5:$D$104,"Resolved"),"-") -> 1.6 | E12: =Settings!B4 -> 1
A13: P2 | B13: =COUNTIF(Tickets!$C$5:$C$104,A13) -> 1 | C13: =COUNTIFS(Tickets!$C$5:$C$104,A13,Tickets!$K$5:$K$104,"Breached") -> 1 | D13: =IFERROR(AVERAGEIFS(Tickets!$J$5:$J$104,Tickets!$C$5:$C$104,A13,Tickets!$D$5:$D$104,"Resolved"),"-") -> - | E13: =Settings!B5 -> 4
A14: P3 | B14: =COUNTIF(Tickets!$C$5:$C$104,A14) -> 2 | C14: =COUNTIFS(Tickets!$C$5:$C$104,A14,Tickets!$K$5:$K$104,"Breached") -> 1 | D14: =IFERROR(AVERAGEIFS(Tickets!$J$5:$J$104,Tickets!$C$5:$C$104,A14,Tickets!$D$5:$D$104,"Resolved"),"-") -> 9.8 | E14: =Settings!B6 -> 8
A15: P4 | B15: =COUNTIF(Tickets!$C$5:$C$104,A15) -> 1 | C15: =COUNTIFS(Tickets!$C$5:$C$104,A15,Tickets!$K$5:$K$104,"Breached") -> 0 | D15: =IFERROR(AVERAGEIFS(Tickets!$J$5:$J$104,Tickets!$C$5:$C$104,A15,Tickets!$D$5:$D$104,"Resolved"),"-") -> 22.5 | E15: =Settings!B7 -> 24
A18: Agent | B18: Active tickets
A19: =Settings!A12 -> Asha | B19: =COUNTIFS(Tickets!$E$5:$E$104,A19,Tickets!$D$5:$D$104,"<>Resolved") -> 0
A20: =Settings!A13 -> Ravi | B20: =COUNTIFS(Tickets!$E$5:$E$104,A20,Tickets!$D$5:$D$104,"<>Resolved") -> 1
A21: =Settings!A14 -> Meera | B21: =COUNTIFS(Tickets!$E$5:$E$104,A21,Tickets!$D$5:$D$104,"<>Resolved") -> 0
A22: =Settings!A15 -> Kiran | B22: =COUNTIFS(Tickets!$E$5:$E$104,A22,Tickets!$D$5:$D$104,"<>Resolved") -> 0

Sheet Settings
A1: SLA settings (edit the blue cells)
A3: Priority | B3: Resolve within (hours) | C3: Meaning
A4: P1 | B4: 1 | C4: Critical outage
A5: P2 | B5: 4 | C5: Major impact
A6: P3 | B6: 8 | C6: Minor issue
A7: P4 | B7: 24 | C7: Request / low impact
A9: Assumption: SLA hours are typical sample targets I chose for practice, not from a real company.
A11: Agents
A12: Asha
A13: Ravi
A14: Meera
A15: Kiran

Sheet Guide
A1: How this project works
A2: 1. Add a ticket in the Tickets sheet: ID, title, priority, status, assignee, created time.
A3: 2. When fixed, set Status to Resolved and type the Resolved Time. The SLA flag updates by itself.
A4: 3. Check the Dashboard for open tickets, breaches and average resolution time.
A6: Formulas to explain in an interview
A7: SLA Hours: INDEX/MATCH looks up the priority in Settings (P1 = 1 hour).
A8: SLA Due: Created Time + SLA Hours / 24 (Excel stores one day as 1).
A9: Time Taken: (Resolved Time, or NOW() if open - Created Time) x 24 hours.
A10: SLA Breach?: Breached if the end time is later than SLA Due.
A12: SQL practice (same columns as a database table named tickets)
A13: SELECT * FROM tickets WHERE status <> 'Resolved' AND priority = 'P1';
A14: SELECT priority, COUNT(*) FROM tickets GROUP BY priority;
... A21: Note: Open tickets use NOW(), so their SLA status changes as time passes. The 6 rows are sample data; replace them with your own practice tickets.
